{
  "year_groups": {
    "2019": {
      "count": 42009,
      "systems": {
        "base": {
          "observed_seed_values": [
            0.7565831540931622,
            0.754719472316695,
            0.776360345711146
          ],
          "observed_mean": 0.7625543240403344,
          "ci95": [
            0.7592211835933012,
            0.7658237502903961
          ]
        },
        "DTI-LM": {
          "observed_seed_values": [
            0.7811121228654232,
            0.7749920482610593,
            0.7640435351529398
          ],
          "observed_mean": 0.7733825687598074,
          "ci95": [
            0.76992507191692,
            0.7765229612338981
          ]
        },
        "HyperPCM": {
          "observed_seed_values": [
            0.758683996958503,
            0.770304227000808,
            0.76218439461556
          ],
          "observed_mean": 0.7637242061916236,
          "ci95": [
            0.7601396072519143,
            0.7670229599720598
          ]
        }
      }
    },
    "2020-2021": {
      "count": 7019,
      "systems": {
        "base": {
          "observed_seed_values": [
            0.8858419666500335,
            0.8561667385799449,
            0.8728484366523593
          ],
          "observed_mean": 0.8716190472941125,
          "ci95": [
            0.8662872307901507,
            0.8768006513204587
          ]
        },
        "DTI-LM": {
          "observed_seed_values": [
            0.8578999819158675,
            0.8625802574409958,
            0.8394749634936297
          ],
          "observed_mean": 0.8533184009501643,
          "ci95": [
            0.8475962330987374,
            0.8595432310939789
          ]
        },
        "HyperPCM": {
          "observed_seed_values": [
            0.8322439171246699,
            0.8640434605463785,
            0.8585435878428902
          ],
          "observed_mean": 0.8516103218379796,
          "ci95": [
            0.8454867293815729,
            0.8577497979440886
          ]
        }
      }
    }
  },
  "overlap_buckets": {
    "0 (0.000-0.531)": {
      "count": 16346,
      "systems": {
        "base": {
          "observed_seed_values": [
            0.5424630726508038,
            0.5409543788462283,
            0.5818869037731709
          ],
          "observed_mean": 0.5551014517567343,
          "ci95": [
            0.5491962852556396,
            0.561489776205682
          ]
        },
        "DTI-LM": {
          "observed_seed_values": [
            0.6286688853207052,
            0.6591684462135635,
            0.6178645405972434
          ],
          "observed_mean": 0.6352339573771707,
          "ci95": [
            0.6286971189914257,
            0.6419887241256852
          ]
        },
        "HyperPCM": {
          "observed_seed_values": [
            0.5853575542559485,
            0.6302377193958273,
            0.6284683410989361
          ],
          "observed_mean": 0.6146878715835706,
          "ci95": [
            0.6080335432880479,
            0.621295668667965
          ]
        }
      }
    },
    "1 (0.531-0.710)": {
      "count": 16340,
      "systems": {
        "base": {
          "observed_seed_values": [
            0.7146338899405675,
            0.7063928562074706,
            0.7452281011893207
          ],
          "observed_mean": 0.7220849491124529,
          "ci95": [
            0.7163909921450948,
            0.7281477923789823
          ]
        },
        "DTI-LM": {
          "observed_seed_values": [
            0.750114438609419,
            0.760254480834057,
            0.7372454038908813
          ],
          "observed_mean": 0.7492047744447857,
          "ci95": [
            0.7440422522737229,
            0.7545687594715631
          ]
        },
        "HyperPCM": {
          "observed_seed_values": [
            0.7431750574326133,
            0.7567095366599159,
            0.7546737253443322
          ],
          "observed_mean": 0.7515194398122871,
          "ci95": [
            0.7462463975693107,
            0.7569940774764818
          ]
        }
      }
    },
    "2 (0.710-0.989)": {
      "count": 16342,
      "systems": {
        "base": {
          "observed_seed_values": [
            0.9259118047484558,
            0.9257397504800009,
            0.9194637098249272
          ],
          "observed_mean": 0.923705088351128,
          "ci95": [
            0.9208853941229895,
            0.9265779986047142
          ]
        },
        "DTI-LM": {
          "observed_seed_values": [
            0.8996880126251305,
            0.876560747388742,
            0.8833515048860812
          ],
          "observed_mean": 0.8865334216333179,
          "ci95": [
            0.8828592568555057,
            0.8898981137632472
          ]
        },
        "HyperPCM": {
          "observed_seed_values": [
            0.8782834491000928,
            0.8806425382658403,
            0.8707928873022852
          ],
          "observed_mean": 0.8765729582227394,
          "ci95": [
            0.8727585789038202,
            0.8804957032295235
          ]
        }
      }
    }
  }
}